path_name,size
/404,8626
/500,2007
/placeholder-logo.png,958
/placeholder-logo.svg,3208
/placeholder-user.jpg,2615
/placeholder.jpg,1596
/placeholder.svg,3253
/_next/static/8H84nB_JVb1T-787yHZNv/_buildManifest.js,1041
/_next/static/8H84nB_JVb1T-787yHZNv/_ssgManifest.js,80
/_next/static/chunks/1345-4254b848f33e96ea.js,21856
/_next/static/chunks/1517-1a722bdbd4159a5a.js,201059
/_next/static/chunks/1529-409d0ce31233058c.js,34171
/_next/static/chunks/1578-1c28bbc34581d08e.js,18065
/_next/static/chunks/2067-fa9f05fb74f22000.js,7293
/_next/static/chunks/2923-ed171c9a9ab36ed3.js,8891
/_next/static/chunks/3202-3b50e18b2963032e.js,8527
/_next/static/chunks/409-76b517b120fcfaf6.js,8985
/_next/static/chunks/4403-7cb25bf29a31f1d9.js,7600
/_next/static/chunks/4501-b424fef633f64a59.js,8395
/_next/static/chunks/4bd1b696-f1b89eed40000243.js,167095
/_next/static/chunks/5340-3af646d324f735cb.js,19831
/_next/static/chunks/5565-b014394b6b39978b.js,14010
/_next/static/chunks/5751-ceee9a46db705fd1.js,11614
/_next/static/chunks/580-3cb5871fa18e85b1.js,9886
/_next/static/chunks/6536-cd90a9c8cc9fe8a0.js,19795
/_next/static/chunks/6656-e1a60ab77dc3fdc0.js,7644
/_next/static/chunks/6700-18ae53b8cf2b4a3a.js,47447
/_next/static/chunks/7028-49f297b585420a13.js,18654
/_next/static/chunks/8629-1f41626655c7ec8f.js,12254
/_next/static/chunks/8642-79acdcbae323efc4.js,19769
/_next/static/chunks/9097-5268d42f2484ef18.js,27278
/_next/static/chunks/9253-9c09bf748038721d.js,21021
/_next/static/chunks/9447-b5ee426be9d9362f.js,11852
/_next/static/chunks/9461-d7f8a65732b8ebe4.js,13712
/_next/static/chunks/app/_not-found/page-087c9beede86c8fe.js,2251
/_next/static/chunks/app/about-us/page-5473a31f12c1c0a3.js,24922
/_next/static/chunks/app/ai-support-chat/page-e1a026584bc85a5e.js,20395
/_next/static/chunks/app/documents/page-2b8beb5698a3b150.js,19831
/_next/static/chunks/app/global-fundings/loading-1475e950c0985b70.js,1580
/_next/static/chunks/app/global-fundings/page-8ed2afc396144853.js,73015
/_next/static/chunks/app/global-map/loading-eee9e8078fa39b6c.js,181
/_next/static/chunks/app/global-map/page-01b2d6b0aa907f07.js,51959
/_next/static/chunks/app/help-center/loading-bc595f2b117d6999.js,181
/_next/static/chunks/app/help-center/page-eba7e9faa107316c.js,21323
/_next/static/chunks/app/layout-875bc8e052b6036f.js,4029
/_next/static/chunks/app/market-reports/loading-ae884fa112f938ad.js,181
/_next/static/chunks/app/market-reports/page-21a3e2a67d1c6624.js,20013
/_next/static/chunks/app/marketplace/loading-ccd5e69d7a827d3d.js,181
/_next/static/chunks/app/marketplace/page-73f9a38356834d01.js,48607
/_next/static/chunks/app/media/loading-712c9cd4f4801c56.js,181
/_next/static/chunks/app/media/page-766c5f4cda793640.js,35316
/_next/static/chunks/app/metaverse/loading-a646713f562edb57.js,2020
/_next/static/chunks/app/metaverse/page-31b66c30f07bed5d.js,83226
/_next/static/chunks/app/page-4662403c4b8e4ed2.js,159895
/_next/static/chunks/app/social/loading-e7c113b31096bb1e.js,181
/_next/static/chunks/app/social/messages/loading-6b847d3be441488c.js,181
/_next/static/chunks/app/social/messages/page-788beca2cd16dc4c.js,24511
/_next/static/chunks/app/social/notifications/page-96960c878dcf1e67.js,21790
/_next/static/chunks/app/social/page-f5318ebdd9de42a3.js,48112
/_next/static/chunks/app/social/profile/page-c36a915267940738.js,17253
/_next/static/chunks/b536a0f1-ffb9f42db1a9aa85.js,320169
/_next/static/chunks/bd904a5c-7d173c65222953d3.js,229771
/_next/static/chunks/framework-c8065bab8b311d0e.js,181635
/_next/static/chunks/main-83bf749eb660447c.js,117272
/_next/static/chunks/main-app-f146eaa2f22763a2.js,476
/_next/static/chunks/pages/_app-5f03510007f8ee45.js,240
/_next/static/chunks/pages/_error-8efa4fbf3acc0458.js,238
/_next/static/chunks/polyfills-42372ed130431b0a.js,112594
/_next/static/chunks/webpack-ee41485594a23a55.js,3840
/_next/static/css/05a39990455d66f6.css,4388
/_next/static/css/59185ec683078399.css,85230
/_next/static/media/26a46d62cd723877-s.woff2,18820
/_next/static/media/55c55f0601d81cf3-s.woff2,25908
/_next/static/media/581909926a08bbc8-s.woff2,19072
/_next/static/media/6d93bde91c0c2823-s.woff2,74316
/_next/static/media/97e0cb1ae144a2a9-s.woff2,11220
/_next/static/media/a34f9d1faa5f3315-s.p.woff2,48556
/_next/static/media/df0a9ae256c0569c-s.woff2,10280
/,2781484
/about-us,2781484
/ai-support-chat,2781484
/documents,2781484
/global-fundings,2781484
/global-map,2781484
/help-center,2781484
/market-reports,2781484
/marketplace,2781484
/media,2781484
/metaverse,2781484
/social,2781484
/social/messages,2781484
/social/notifications,2781484
/social/profile,2781484